{
  "summary": {
    "repo": "Qwen/Qwen3.5-0.8B",
    "T_prefix_tokens": 61,
    "k_decode_steps": 32,
    "M_continue_steps": 128,
    "n_layers_compared": 18,
    "bit_exact_conv": 0,
    "bit_exact_recurrent": 0,
    "drift_conv": 18,
    "drift_recurrent": 18,
    "worst_rel_frobenius_conv": 0.00893999448884987,
    "worst_rel_frobenius_recurrent": 0.009864405902322619,
    "path_A_kth_token": 1510,
    "path_B_next_token_after_composite_prefill": 1510,
    "tokens_match_through_M": true,
    "first_divergence_step": null,
    "continue_A": [
      26527,
      63,
      6522,
      364,
      33625,
      7289,
      13,
      271,
      71093,
      12305,
      198,
      464,
      7586,
      198,
      464,
      7586,
      19294,
      430,
      10565,
      198,
      464,
      7586,
      19294,
      61126,
      430,
      426,
      271,
      1005,
      3931,
      921,
      18247,
      32367,
      26094,
      1590,
      198,
      262,
      687,
      1259,
      2251,
      3676,
      701,
      11,
      307,
      27896,
      11,
      307,
      22257,
      11,
      307,
      22024,
      11,
      307,
      27896,
      5500,
      4244,
      11,
      198,
      336,
      307,
      22257,
      5500,
      6256,
      11,
      307,
      22024,
      5500,
      6256,
      11,
      198,
      336,
      307,
      27896,
      5500,
      4244,
      5500,
      6256,
      11,
      198,
      336,
      307,
      22257,
      5500,
      6256,
      5500,
      4244,
      11,
      198,
      336,
      307,
      22024,
      5500,
      6256,
      5500,
      4244,
      11,
      198,
      336,
      307,
      27896,
      5500,
      4244,
      5500,
      6256,
      5500,
      4244,
      11,
      198,
      336,
      307,
      22257,
      5500,
      6256,
      5500,
      4244,
      5500,
      4244,
      11,
      198,
      336,
      307,
      22024,
      5500,
      6256,
      5500,
      4244,
      5500,
      4244,
      11
    ],
    "continue_B": [
      26527,
      63,
      6522,
      364,
      33625,
      7289,
      13,
      271,
      71093,
      12305,
      198,
      464,
      7586,
      198,
      464,
      7586,
      19294,
      430,
      10565,
      198,
      464,
      7586,
      19294,
      61126,
      430,
      426,
      271,
      1005,
      3931,
      921,
      18247,
      32367,
      26094,
      1590,
      198,
      262,
      687,
      1259,
      2251,
      3676,
      701,
      11,
      307,
      27896,
      11,
      307,
      22257,
      11,
      307,
      22024,
      11,
      307,
      27896,
      5500,
      4244,
      11,
      198,
      336,
      307,
      22257,
      5500,
      6256,
      11,
      307,
      22024,
      5500,
      6256,
      11,
      198,
      336,
      307,
      27896,
      5500,
      4244,
      5500,
      6256,
      11,
      198,
      336,
      307,
      22257,
      5500,
      6256,
      5500,
      4244,
      11,
      198,
      336,
      307,
      22024,
      5500,
      6256,
      5500,
      4244,
      11,
      198,
      336,
      307,
      27896,
      5500,
      4244,
      5500,
      6256,
      5500,
      4244,
      11,
      198,
      336,
      307,
      22257,
      5500,
      6256,
      5500,
      4244,
      5500,
      4244,
      11,
      198,
      336,
      307,
      22024,
      5500,
      6256,
      5500,
      4244,
      5500,
      4244,
      11
    ]
  },
  "per_layer": [
    {
      "layer_idx": 0,
      "conv_diff": {
        "bit_exact": false,
        "max_abs": 0.0009765625,
        "mean_abs": 5.4230138601951694e-08,
        "rel_frobenius": 5.557433224386637e-06,
        "a_abs_max": 17.375,
        "shape": [
          1,
          3,
          6144
        ],
        "dtype": "mlx.core.bfloat16"
      },
      "recurrent_diff": {
        "bit_exact": false,
        "max_abs": 0.00021865218877792358,
        "mean_abs": 9.934163713865019e-09,
        "rel_frobenius": 1.5231007944415464e-05,
        "a_abs_max": 4.314110279083252,
        "shape": [
          1,
          16,
          128,
          128
        ],
        "dtype": "mlx.core.float32"
      }
    },
    {
      "layer_idx": 1,
      "conv_diff": {
        "bit_exact": false,
        "max_abs": 0.0625,
        "mean_abs": 0.0008886815630830824,
        "rel_frobenius": 0.002318231914000106,
        "a_abs_max": 12.4375,
        "shape": [
          1,
          3,
          6144
        ],
        "dtype": "mlx.core.bfloat16"
      },
      "recurrent_diff": {
        "bit_exact": false,
        "max_abs": 0.0025565773248672485,
        "mean_abs": 3.9082874536688905e-06,
        "rel_frobenius": 0.0020181690991562693,
        "a_abs_max": 1.8987464904785156,
        "shape": [
          1,
          16,
          128,
          128
        ],
        "dtype": "mlx.core.float32"
      }
    },
    {
      "layer_idx": 2,
      "conv_diff": {
        "bit_exact": false,
        "max_abs": 0.0625,
        "mean_abs": 0.002964516170322895,
        "rel_frobenius": 0.004307573247976374,
        "a_abs_max": 14.1875,
        "shape": [
          1,
          3,
          6144
        ],
        "dtype": "mlx.core.bfloat16"
      },
      "recurrent_diff": {
        "bit_exact": false,
        "max_abs": 0.007423758506774902,
        "mean_abs": 1.5737641660962254e-05,
        "rel_frobenius": 0.003982663776124696,
        "a_abs_max": 2.010563850402832,
        "shape": [
          1,
          16,
          128,
          128
        ],
        "dtype": "mlx.core.float32"
      }
    },
    {
      "layer_idx": 4,
      "conv_diff": {
        "bit_exact": false,
        "max_abs": 0.09375,
        "mean_abs": 0.005961102899163961,
        "rel_frobenius": 0.0062298478827465436,
        "a_abs_max": 16.125,
        "shape": [
          1,
          3,
          6144
        ],
        "dtype": "mlx.core.bfloat16"
      },
      "recurrent_diff": {
        "bit_exact": false,
        "max_abs": 0.012555480003356934,
        "mean_abs": 5.634604167426005e-05,
        "rel_frobenius": 0.003613473121451176,
        "a_abs_max": 12.354324340820312,
        "shape": [
          1,
          16,
          128,
          128
        ],
        "dtype": "mlx.core.float32"
      }
    },
    {
      "layer_idx": 5,
      "conv_diff": {
        "bit_exact": false,
        "max_abs": 0.0625,
        "mean_abs": 0.0060959625989198685,
        "rel_frobenius": 0.006291204775416459,
        "a_abs_max": 16.75,
        "shape": [
          1,
          3,
          6144
        ],
        "dtype": "mlx.core.bfloat16"
      },
      "recurrent_diff": {
        "bit_exact": false,
        "max_abs": 0.028153419494628906,
        "mean_abs": 3.1676194339524955e-05,
        "rel_frobenius": 0.006305430241217764,
        "a_abs_max": 3.709113359451294,
        "shape": [
          1,
          16,
          128,
          128
        ],
        "dtype": "mlx.core.float32"
      }
    },
    {
      "layer_idx": 6,
      "conv_diff": {
        "bit_exact": false,
        "max_abs": 0.0625,
        "mean_abs": 0.005177113693207502,
        "rel_frobenius": 0.006950698123131071,
        "a_abs_max": 13.5625,
        "shape": [
          1,
          3,
          6144
        ],
        "dtype": "mlx.core.bfloat16"
      },
      "recurrent_diff": {
        "bit_exact": false,
        "max_abs": 0.014302849769592285,
        "mean_abs": 2.4556702555855736e-05,
        "rel_frobenius": 0.009043947070862432,
        "a_abs_max": 1.2840052843093872,
        "shape": [
          1,
          16,
          128,
          128
        ],
        "dtype": "mlx.core.float32"
      }
    },
    {
      "layer_idx": 8,
      "conv_diff": {
        "bit_exact": false,
        "max_abs": 0.07470703125,
        "mean_abs": 0.006444605067372322,