{
  "summary": {
    "repo": "Qwen/Qwen3.5-4B",
    "T_prefix_tokens": 61,
    "k_decode_steps": 8,
    "M_continue_steps": 32,
    "n_layers_compared": 24,
    "bit_exact_conv": 0,
    "bit_exact_recurrent": 0,
    "drift_conv": 24,
    "drift_recurrent": 24,
    "worst_rel_frobenius_conv": 0.02224995192155995,
    "worst_rel_frobenius_recurrent": 0.016174057679882826,
    "path_A_kth_token": 888,
    "path_B_next_token_after_composite_prefill": 888,
    "tokens_match_through_M": true,
    "first_divergence_step": null,
    "continue_A": [
      1396,
      14789,
      3817,
      11,
      748,
      279,
      6297,
      1528,
      26817,
      1973,
      75354,
      2980,
      279,
      1622,
      43117,
      13,
      66375,
      50921,
      1172,
      78928,
      1220,
      20480,
      4763,
      5478,
      1689,
      61911,
      1528,
      3808,
      33341,
      26,
      279,
      1724
    ],
    "continue_B": [
      1396,
      14789,
      3817,
      11,
      748,
      279,
      6297,
      1528,
      26817,
      1973,
      75354,
      2980,
      279,
      1622,
      43117,
      13,
      66375,
      50921,
      1172,
      78928,
      1220,
      20480,
      4763,
      5478,
      1689,
      61911,
      1528,
      3808,
      33341,
      26,
      279,
      1724
    ]
  },
  "per_layer": [
    {
      "layer_idx": 0,
      "conv_diff": {
        "bit_exact": false,
        "max_abs": 0.00390625,
        "mean_abs": 3.3322189096907096e-07,
        "rel_frobenius": 3.0092062776680107e-05,
        "a_abs_max": 13.3125,
        "shape": [
          1,
          3,
          8192
        ],
        "dtype": "mlx.core.bfloat16"
      },
      "recurrent_diff": {
        "bit_exact": false,
        "max_abs": 1.2129545211791992e-05,
        "mean_abs": 1.9488477498441625e-09,
        "rel_frobenius": 9.006648795573813e-07,
        "a_abs_max": 6.032355785369873,
        "shape": [
          1,
          32,
          128,
          128
        ],
        "dtype": "mlx.core.float32"
      }
    },
    {
      "layer_idx": 1,
      "conv_diff": {
        "bit_exact": false,
        "max_abs": 0.03125,
        "mean_abs": 0.0004059094935655594,
        "rel_frobenius": 0.0019690516343075673,
        "a_abs_max": 7.53125,
        "shape": [
          1,
          3,
          8192
        ],
        "dtype": "mlx.core.bfloat16"
      },
      "recurrent_diff": {
        "bit_exact": false,
        "max_abs": 0.0021879076957702637,
        "mean_abs": 1.2569654472827096e-06,
        "rel_frobenius": 0.002517898696614164,
        "a_abs_max": 0.5742326378822327,
        "shape": [
          1,
          32,
          128,
          128
        ],
        "dtype": "mlx.core.float32"
      }
    },
    {
      "layer_idx": 2,
      "conv_diff": {
        "bit_exact": false,
        "max_abs": 0.03125,
        "mean_abs": 0.0014087846502661705,
        "rel_frobenius": 0.00387481187154185,
        "a_abs_max": 7.96875,
        "shape": [
          1,
          3,
          8192
        ],
        "dtype": "mlx.core.bfloat16"
      },
      "recurrent_diff": {
        "bit_exact": false,
        "max_abs": 0.0026750387623906136,
        "mean_abs": 3.4254026104463264e-06,
        "rel_frobenius": 0.003870614975127683,
        "a_abs_max": 0.6063388586044312,
        "shape": [
          1,
          32,
          128,
          128
        ],
        "dtype": "mlx.core.float32"
      }
    },
    {
      "layer_idx": 4,
      "conv_diff": {
        "bit_exact": false,
        "max_abs": 0.03125,
        "mean_abs": 0.0037346817553043365,
        "rel_frobenius": 0.006909634194258112,
        "a_abs_max": 7.03125,
        "shape": [
          1,
          3,
          8192
        ],
        "dtype": "mlx.core.bfloat16"
      },
      "recurrent_diff": {
        "bit_exact": false,
        "max_abs": 0.004920601844787598,
        "mean_abs": 8.88690738065634e-06,
        "rel_frobenius": 0.008388988436442231,
        "a_abs_max": 0.6332834959030151,
        "shape": [
          1,
          32,
          128,
          128
        ],
        "dtype": "mlx.core.float32"
      }
    },
    {
      "layer_idx": 5,
      "conv_diff": {
        "bit_exact": false,
        "max_abs": 0.0625,
        "mean_abs": 0.004813848063349724,
        "rel_frobenius": 0.007780385956034407,
        "a_abs_max": 8.3125,
        "shape": [
          1,
          3,
          8192
        ],
        "dtype": "mlx.core.bfloat16"
      },
      "recurrent_diff": {
        "bit_exact": false,
        "max_abs": 0.003239944577217102,
        "mean_abs": 1.0973331882269122e-05,
        "rel_frobenius": 0.00663819870927825,
        "a_abs_max": 1.252090334892273,
        "shape": [
          1,
          32,
          128,
          128
        ],
        "dtype": "mlx.core.float32"
      }
    },
    {
      "layer_idx": 6,
      "conv_diff": {
        "bit_exact": false,
        "max_abs": 0.09375,
        "mean_abs": 0.0059403772465884686,
        "rel_frobenius": 0.009686917555588804,
        "a_abs_max": 9.6875,
        "shape": [
          1,
          3,
          8192
        ],
        "dtype": "mlx.core.bfloat16"
      },
      "recurrent_diff": {
        "bit_exact": false,
        "max_abs": 0.0044234395027160645,
        "mean_abs": 1.616968074813485e-05,
        "rel_frobenius": 0.009181847826872088,
        "a_abs_max": 0.7908015251159668,
        "shape": [
          1,
          32,
          128,
          128
        ],
        "dtype": "mlx.core.float32"
      }
    },
    {
      "layer_idx": 8,
      "conv_diff": {
        "bit_exact": false,
        "max_abs": 0.13671875,
        "mean_abs": 0.009643557481467724,
        "rel_frobenius": 0.01421742467226841,
        "a_abs_max": 9.75,
        "shape": [
          1,
          3,
          8192
        ],
        "dtype": "mlx.core.bfloat16"
      },
      "recurrent_diff": {
        "bit_exact": false,
        "max_abs": 0.019371777772903442,
        "mean_abs": 3.585001832107082e-05,
        "rel_frobenius": 0.009267547286337498,
        "a_abs_max": 4.6056365966796875,
        "shape": [
          1,
          32,
          128,
          128
        ],
        "dtype": "mlx.core.float32"
      }
    },
    {
      "layer_idx": 9,
      "conv_diff": {
        "bit_exact": false,
        "max_abs": 0.15625,
        "mean_abs": 0.01123351976275444,
        "rel_frobenius": 0.016153099644815247,
        "a_abs_max": 9.6875,
        "shape": [
          1,
          3,
          8192
        ],
        "dtype": "mlx.core.bfloat16"
      },
      "recurrent_diff": {
        "bit_exact": false,
        "max_abs": 0.004519455134868622,
        "mean_abs": 2.5697336241137236e-05,
        "rel_frobenius": 0.01020666712568299,
        "a_abs_max": 0.8906648755073547,
        "shape": [
          1,
          32,
          128,
          128
        ],
        "dtype": "mlx.core.float32"
      }
    },
    {
      "layer_idx": 10,
      "conv_diff": {
        "bit_exact": false,
        "max_abs": 0.3125,
        "mean_abs": 0.012634805403649807,
        "rel_frobenius": 0.01984698614949123,
        "a_abs_max": 15.8125,
        "shape": [
          1,
          3,
          8192
        ],
        "dtype": "mlx.core.bfloat16"
      },
      "recurrent_diff": {
        "bit_exact": false,
        "max_abs": 0.01622280478477478,
        "mean_abs": 2.81800366792595e-05,
        "rel_frobenius": 0.013663121108158555,
        "a_abs_max": 0.9170870184898376,
        "shape": [
          1,
          32,
          128,
          128
        ],
        "dtype": "mlx.core.float32"
      }
    },
    {
      "layer_idx": 12,
      "conv_diff": {
        "bit_exact": false,
        "max_abs": 0.265625,
        "mean_abs": 0.014371353201568127,
        "rel_frobenius": 0.021772658729874075,
        "a_abs_max": 10.75,